ID,name,pokemon1ID,pokemon2ID,pokemon3ID,pokemon4ID,pokemon5ID,pokemon6ID
1,"Idris",8,89,38,4,103,59
2,"Elias",128,45,146,14,3,106
3,"Riya",92,5,94,118,21,49
4,"Mercedes",135,48,78,26,36,30
5,"Angel",15,32,133,41,141,35
6,"Lecurgus",145,59,106,80,28,88
7,"Arlen",104,144,16,130,45,28
8,"Baani",40,72,88,52,100,85
9,"Manuel",61,137,5,143,118,133
10,"Koa",49,101,7,18,50,56
11,"Miller",23,30,75,79,143,53
12,"Ariel",108,131,107,115,5,84
13,"Bedelia",77,127,11,53,25,24
14,"Marian",27,78,76,56,34,46
15,"Muriel",38,127,144,83,101,3
16,"Arwa",8,140,98,75,65,26
17,"Minha",31,119,9,129,142,103
18,"Raiden",129,79,141,111,72,63
19,"Francis",120,71,115,68,8,59
20,"Remi",19,14,84,12,104,116
21,"Zoey",107,13,150,131,16,52
22,"Franco",17,46,86,14,30,139
23,"Mahala",19,46,93,136,7,49
24,"Dylan",28,72,4,118,132,114
25,"Zayaan",112,42,95,70,88,124
26,"Mikael",58,7,8,38,53,135
27,"Lilly-Mae",23,82,26,56,144,29
28,"Kenny",134,106,54,85,132,33
29,"Onicyphorous",33,43,111,68,151,52
30,"Idris",16,49,69,103,46,91
31,"Maeve",97,87,42,6,73,80
32,"Alicia",20,27,140,65,31,144
33,"Aqsa",104,96,47,120,119,62
34,"Mellony",94,137,25,26,43,138
35,"Arizona",35,138,136,22,88,115
36,"Violetta",78,65,138,124,54,9
37,"Zainab",73,108,126,53,56,106
38,"Dell",77,116,43,64,11,131
39,"Leni",30,55,35,139,105,40
40,"Tommy",57,88,14,23,65,120
41,"Alyssa",95,1,44,67,88,67
42,"Stephanie",131,40,88,92,129,88
43,"Kacper",39,119,10,5,21,23
44,"Roux",3,99,140,55,104,95
45,"Cole",138,118,86,71,144,110
46,"Cara",46,15,84,151,51,74
47,"Hugo",62,39,115,51,115,85
48,"Marion",28,91,9,146,85,32
49,"Arabella",107,1,84,86,9,103
50,"Alina",43,20,42,42,118,71
51,"Taron",146,55,111,66,33,56
52,"Barticus",1,34,16,54,38,105
53,"Monet",87,80,92,119,106,56
54,"Emil",121,64,137,9,79,99
55,"Avneet",64,101,18,49,30,94
56,"Nikita",114,63,70,50,57,31
57,"Sacha",88,81,58,4,106,35
58,"Aayan",36,70,141,4,41,38
59,"Rio",134,96,19,52,25,25
60,"Carmen",28,1,6,34,135,18
61,"Antoni",2,98,28,8,145,42
62,"Wilf",59,130,26,92,87,77
63,"Warren",99,122,79,75,31,42
64,"Enid",37,50,42,52,34,75
65,"Bentley",74,97,44,103,65,129
66,"Elyas",21,86,27,65,103,42
67,"Siyana",4,118,44,64,132,105
68,"Calpurnia",107,51,146,41,53,54
69,"Reem",12,58,86,35,104,111
70,"Amara",82,131,132,101,33,79
71,"Harri",114,24,76,29,85,135
72,"Indiana",149,63,95,110,56,108
73,"Ema",69,135,58,135,67,36
74,"Luka",130,109,13,141,33,16
75,"Audrey",130,50,21,19,38,112
76,"Freja",122,23,57,53,86,119
77,"Izabela",94,120,116,87,102,50
78,"Sanford",10,28,65,13,44,24
79,"Jasmine",54,58,102,84,72,105
80,"Yousif",73,85,141,133,115,22
81,"Ned",67,55,18,7,77,114
82,"Zayaan",91,1,119,108,148,6
83,"Delilah-Rose",71,101,81,33,70,38
84,"Henley",90,45,51,43,50,25
85,"Greyson",21,130,95,137,93,132
86,"Hallie",87,133,148,41,114,13
87,"Almena",133,53,56,80,39,70
88,"Sasha",72,101,81,78,108,11
89,"Aariz",91,19,60,130,98,140
90,"Arabella-Rose",83,106,134,71,78,106
91,"Amar",100,145,28,141,116,96
92,"Nora",80,63,128,100,39,24
93,"Daphne",35,111,128,46,35,77
94,"Minha",79,100,103,74,26,57
95,"Elian",54,106,131,103,84,66
96,"Horace",131,58,12,146,122,81
97,"Madina",82,137,91,58,113,125
98,"Eira",33,48,3,1,131,22
99,"Kamari",86,119,21,121,85,108
100,"Robert",71,8,105,123,108,121
101,"Anthony",109,37,78,106,50,20
102,"Rahma",38,113,56,134,60,127
103,"Hugo",41,60,142,87,54,145
104,"Cassie",90,99,5,24,126,66
105,"Clark",30,27,74,26,20,117
106,"Koa",56,39,71,127,72,126
107,"Aden",20,35,108,111,95,42
108,"WildaWilfred",47,58,19,123,25,45
109,"Elisei",8,2,117,107,145,31
110,"Giovanni",21,119,132,18,124,105
111,"Delpha",65,21,93,130,150,87
112,"Cristian",89,122,142,8,104,8
113,"Riya",6,10,3,71,13,96
114,"Mehitabel",19,29,83,17,31,2
115,"Reid",87,62,66,141,34,148
116,"Orlagh",82,85,133,30,75,15
117,"Rex",135,49,42,67,113,46
118,"Hubert",63,91,36,102,45,139
119,"Dua",60,45,116,106,54,47
120,"Vandalia",1,77,14,145,94,21
121,"Genevieve",35,96,51,86,68,15
122,"Ariyah",25,54,38,30,107,137
123,"Hailey",62,5,10,5,27,26
124,"Maxine",13,81,115,141,113,103
125,"Rufina",33,90,138,64,92,105
126,"Mia-Rose",81,116,35,75,130,108
127,"Jadon",91,8,66,53,31,1
128,"Delilah",58,71,36,87,64,56
129,"Ameerah",54,71,127,3,58,137
130,"Lillie",79,94,148,82,61,146
131,"Serena",62,60,101,75,79,88
132,"Anselm",87,128,135,59,139,57
133,"Sama",33,30,97,118,9,26
134,"Michal",13,42,119,76,60,124
135,"Marlie",115,126,26,79,117,76
136,"Caleb",89,110,82,50,65,98
137,"Eloise",22,132,34,118,72,77
138,"Lewis",71,41,112,67,73,67
139,"Ebenezer",23,5,3,75,61,30
140,"Dhruv",17,138,54,41,82,138
141,"Richie",37,36,59,15,82,115
142,"Maisie",100,78,6,137,95,50
143,"Cassius",125,137,30,25,114,140
144,"Hubert",81,105,37,63,51,100
145,"Eudora",44,127,136,19,138,95
146,"California",109,110,147,116,150,99
147,"Aayat",116,67,58,38,137,58
148,"Alexandria",46,142,21,15,73,126
149,"Kody",40,2,46,64,19,2
150,"Bogdan",71,134,54,63,128,38
151,"Justin",22,112,43,11,83,35
152,"Experience",149,129,118,7,74,132
153,"Zohaan",19,128,142,106,33,141
154,"Neave",99,24,147,24,53,118
155,"Autumn-Rose",4,136,102,64,65,31
156,"Grace",128,122,136,127,34,150
157,"Halle",14,135,59,59,75,46
158,"Mustafa",74,43,55,64,136,51
159,"Dolcie",15,133,143,104,17,46
160,"Arnold",75,102,48,20,133,71
161,"Reece",131,67,45,52,20,11
162,"Jeremy",69,110,22,131,67,66
163,"Bobby",92,57,128,117,94,91
164,"Christine",122,69,70,147,42,62
165,"Vinny",43,90,108,114,43,50
166,"Layla-Rose",43,128,10,37,31,78
167,"Bertha",44,10,124,57,98,49
168,"Denny",99,92,104,88,138,145
169,"Magnus",23,95,74,115,142,94
170,"Aras",110,36,95,1,117,34
171,"Chauncey",105,144,125,116,134,29
172,"Penny",140,129,73,92,60,113
173,"Deborah",89,141,93,103,103,148
174,"Darcie",128,20,44,148,88,57
175,"Adriel",115,113,98,151,111,82
176,"Geoffrey",67,41,75,33,18,1
177,"Mira",53,135,131,117,137,125
178,"Imogen",46,102,60,78,115,38
179,"Zeke",52,110,151,79,8,45
180,"Enzo",112,146,39,130,6,30
181,"Lorcan",126,49,80,149,40,31
182,"Muhammad",75,63,149,122,40,13
183,"Mildred",106,6,104,149,40,120
184,"Miruna",107,84,2,148,109,1
185,"Madeleine",17,19,68,54,27,30
186,"Alissa",30,31,128,141,49,120
187,"Fox",65,36,116,22,123,140
188,"Myra",22,144,36,50,56,149
189,"Atticus",53,96,7,136,42,83
190,"Marnie",117,139,23,44,88,61
191,"Yaqub",110,11,8,84,105,17
192,"Alexandra",66,73,135,110,30,147
193,"Dominic",6,48,72,150,136,32
194,"Freya",72,40,17,85,42,68
195,"Arlie",150,135,107,40,86,106
196,"Aleksandra",106,46,68,134,99,109
197,"Mikhail",35,116,97,54,72,113
198,"Jessie",118,68,28,93,139,66
199,"Caspar",39,107,97,7,44,97
200,"Juanita",123,97,79,31,47,121
201,"Lenny",57,45,3,72,53,40
202,"Fateh",148,52,6,121,72,13
203,"Imogen",91,66,147,95,13,147
204,"JohnIvy",21,45,89,136,50,88
205,"Angelina",59,67,28,144,51,15
206,"Orphelia",147,146,47,82,90,69
207,"Kendra",67,4,89,5,103,22
208,"Hamish",28,8,20,77,55,7
209,"Isabel",37,126,93,29,90,111
210,"Mabli",130,11,128,129,89,147
211,"Malek",136,21,33,99,29,135
212,"Parthenia",145,14,106,36,114,75
213,"Meredith",53,36,130,47,45,56
214,"Orion",132,93,3,15,39,73
215,"Ernie",39,105,7,12,49,33
216,"Nola",131,62,54,131,25,54
217,"Ioan",29,89,6,80,29,57
218,"Raul",90,17,18,124,52,70
219,"Aleksandra",140,4,22,2,145,19
220,"Miguel",145,39,62,83,92,13
221,"Susannah",69,93,25,13,126,94
222,"Luka",11,61,125,129,143,89
223,"Riley",84,115,141,23,49,28
224,"Cory",122,46,122,151,34,42
225,"Asma",44,105,143,53,142,142
226,"Leah",36,129,47,133,56,18
227,"Muhammed",81,88,96,144,82,73
228,"Ozzie",31,57,103,92,24,123
229,"Bruno",150,47,34,52,83,73
230,"Jean",126,107,35,48,15,97
231,"Oliver",26,21,117,100,149,23
232,"Lexie",115,100,106,20,119,42
233,"Harri",111,73,125,138,85,139
234,"Nathaniel",37,95,28,66,62,82
235,"Mattias",50,128,18,139,86,16
236,"Winifred",49,61,130,132,51,35
237,"Jasmine",55,5,32,22,115,85
238,"Eryn",36,31,86,112,94,21
239,"June",8,10,126,16,7,135
240,"Isabella-Rose",76,149,7,13,53,53
241,"Abdulrahman",17,77,67,56,53,121
242,"Artemus",98,18,60,13,32,57
243,"Isabel",35,148,144,33,41,103
244,"Avarilla",13,129,99,71,94,75
245,"Bethany",9,101,87,122,119,7
246,"Alastair",111,31,125,91,16,51
247,"Fern",141,112,93,151,59,9
248,"Zaven",67,27,42,16,117,147
249,"Daniyal",135,143,93,24,121,87
250,"Dawson",112,107,76,103,78,145
251,"Reign",43,21,106,45,11,21
252,"Lili",138,123,88,54,122,14
253,"Woody",77,56,77,93,111,99
254,"Sid",77,64,107,62,44,26
255,"Eesa",72,140,151,20,34,21
256,"Rehmat",109,105,121,128,3,61
257,"Zidan",70,32,60,142,116,57
258,"Finley",8,91,141,71,149,118
259,"Kinza",88,130,93,118,150,12
260,"Ayra",123,73,103,56,21,75
261,"Blanka",22,15,54,51,46,143
262,"Yvonne",10,24,109,55,67,72
263,"Danyal",10,129,136,66,45,37
264,"Jonathan",136,39,6,2,57,77
265,"Myrtle",145,140,9,77,135,21
266,"Dylan",38,36,88,57,132,48
267,"Jonas",140,117,89,57,105,61
268,"Kendrick",14,31,106,3,74,141
269,"Sage",132,119,45,95,22,95
270,"Sigismund",135,23,36,10,129,65
271,"Ameera",62,62,21,6,35,65
272,"Zaid",151,83,45,114,108,80
273,"Micah",103,147,116,42,148,105
274,"Ernest",117,104,83,95,46,138
275,"Gideon",139,109,63,128,11,75
276,"Irha",54,31,6,123,1,136
277,"Ela",69,36,74,61,80,5
278,"Eric",77,94,127,70,100,89
279,"Izaan",85,70,147,107,38,47
280,"David",95,99,104,34,81,132
281,"Tillie",100,1,43,127,117,6
282,"Luella",58,86,99,146,62,57
283,"Kaia",1,9,111,121,77,80
284,"Isabella-Rose",98,34,69,108,136,40
285,"Pharaba",99,88,55,69,67,99
286,"Naomi",90,56,117,24,45,82
287,"Flynn",95,79,107,1,147,51
288,"Niya",25,41,128,132,9,15
289,"Lillie",51,56,44,110,131,126
290,"Isidore",4,44,115,129,76,144
291,"Lucia",77,36,83,33,82,84
292,"Archibald",21,37,43,46,2,17
293,"Cory",100,53,121,110,64,76
294,"Alonzo",107,5,145,39,131,139
295,"Guy",148,116,26,44,111,62
296,"Kaja",135,3,45,129,35,129
297,"Leonardo",48,107,34,124,125,129
298,"Sofia",53,120,100,120,62,128
299,"Muhammad",127,57,141,120,6,145
300,"Rhys",103,35,116,96,41,137
301,"Cayden",106,88,52,8,81,113
302,"Arya",94,110,97,15,31,135
303,"Sigismund",105,54,40,36,119,134
304,"Arlen",122,140,95,92,2,115
305,"Nola",107,80,68,45,58,86
306,"Eileen",99,141,68,4,50,47
307,"Imogen",75,102,114,93,49,31
308,"JohnIvy",85,64,42,51,135,88
309,"Ian",122,134,85,75,84,124
310,"Samson",99,74,25,51,62,122
311,"Jago",148,113,1,73,21,71
312,"Violetta",37,53,2,128,33,107
313,"Liyana",52,20,58,61,25,25
314,"Leonora",81,8,118,102,11,50
315,"Viaan",8,49,25,33,151,87
316,"Liya",73,132,147,123,63,89
317,"Zelphia",138,144,10,130,96,41
318,"Chaya",11,64,42,19,133,96
319,"Dolly",76,111,16,128,66,58
320,"Ruby-Rose",92,16,34,72,49,18
321,"Laith",14,7,140,137,128,132
322,"Cezar",48,27,141,69,103,86
323,"McKenna",110,53,13,121,114,24
324,"Penelope",70,149,104,135,78,127
325,"Nicolas",121,135,11,39,13,102
326,"Haya",49,99,55,47,129,50
327,"Irha",70,123,133,58,42,85
328,"Maureen",143,43,71,89,38,12
329,"Zohan",112,46,76,56,82,45
330,"Jackson",142,43,125,62,73,51
331,"Rocky",143,32,10,25,22,35
332,"Ivy-Rae",43,137,144,81,31,90
333,"Zelphia",105,58,102,7,102,48
334,"Iris",40,134,91,8,135,10
335,"Barney",73,150,20,29,88,1
336,"Tobias",147,134,86,122,27,88
337,"Stanley",79,9,87,115,38,54
338,"Kasper",100,120,106,39,139,78
339,"Zane",133,37,58,60,97,145
340,"Malissa",66,75,10,16,87,146
341,"Cornelius",99,31,122,31,89,9
342,"Cicely",26,62,120,103,41,99
343,"Damian",57,74,90,6,68,136
344,"Edith",138,50,88,74,140,33
345,"Juniper",47,119,138,101,82,101
346,"Dominik",14,18,43,88,130,98
347,"Rania",117,114,130,142,92,51
348,"Caspar",44,115,6,100,97,70
349,"Navy",14,33,8,89,24,60
350,"Indi",32,93,23,93,133,35
351,"Kyra",8,77,139,146,93,19
352,"Faizan",106,33,110,9,82,77
353,"Fionn",37,15,121,119,136,26
354,"Ekam",23,149,88,123,19,132
355,"Josepha",125,111,57,79,68,93
356,"Raya",70,138,6,109,123,14
357,"Ares",2,151,147,51,132,126
358,"Joni",8,120,134,35,81,56
359,"Maverick",137,21,66,80,33,137
360,"Shiloh",97,82,66,26,53,148
361,"Jennifer",93,135,68,85,21,71
362,"Kehlani",104,27,39,71,42,14
363,"Artie",23,112,82,128,62,48
364,"Aliza",95,66,71,98,122,40
365,"Heidi",98,151,143,66,73,1
366,"Zainab",3,69,35,123,2,93
367,"Eloise",60,78,12,13,146,94
368,"Dexter",126,10,143,37,132,66
369,"Hettie",60,9,12,68,85,17
370,"Zayaan",3,125,26,35,62,128
371,"Aston",86,91,64,122,1,8
372,"Arwen",143,52,9,58,48,31
373,"Adriana",73,74,86,108,50,77
374,"India",2,57,146,121,84,142
375,"Darcey",104,120,12,81,143,103
376,"Salman",143,146,55,120,70,125
377,"Matias",139,5,78,95,102,21
378,"Luan",48,8,79,119,99,96
379,"Benji",125,90,89,7,147,12
380,"Bryony",97,30,92,73,7,25
381,"Zainab",43,138,135,117,58,88
382,"Zain",36,80,120,76,38,76
383,"Orion",31,110,108,88,114,146
384,"Riva",103,105,147,28,138,81
385,"Zander",39,72,113,42,107,83
386,"Ray",71,140,64,83,95,115
387,"Eleanor",46,66,57,66,145,104
388,"Louie",62,59,133,106,123,21
389,"Lucias",110,7,107,116,109,48
390,"Chelsea",32,146,126,40,124,32
391,"Philadelphia",20,117,3,51,79,21
392,"Riley",121,29,11,121,70,76
393,"Amara",122,86,53,143,130,118
394,"Keira",75,38,69,32,56,1
395,"Cade",51,63,121,77,150,55
396,"Harlie",35,70,23,141,41,131
397,"Carmon",110,98,52,75,54,31
398,"Fynn",43,132,37,86,150,80
399,"Harriett",42,102,8,109,36,34
400,"Kacper",41,37,52,81,31,119
401,"Sonia",143,142,89,121,76,101
402,"Roisin",19,69,51,23,130,3
403,"Antonia",78,65,123,27,64,58
404,"Adelbert",33,37,130,112,44,99
405,"Yara",143,71,140,58,102,10
406,"Safwan",40,106,28,132,51,143
407,"Harlie",21,78,115,118,31,16
408,"Nour",122,44,86,20,135,117
409,"Heloise",98,32,150,93,87,35
410,"Rosabella",76,98,101,74,41,147
411,"Lenny",61,80,27,122,90,53
412,"Julian",98,19,133,130,94,77
413,"Krish",71,84,98,72,80,99
414,"Aarya",39,101,82,133,52,45
415,"Margot",55,55,102,137,87,124
416,"Niall",92,12,21,30,55,120
417,"Tamara",15,106,133,30,25,58
418,"Zander",5,71,60,4,123,146
419,"Scarlet",21,79,121,52,47,148
420,"Gertrude",115,151,69,67,98,80
421,"Hosea",48,17,2,68,108,135
422,"Callan",69,136,107,61,126,61
423,"James",2,116,23,97,68,92
424,"Dion",123,69,120,56,39,105
425,"Raul",63,105,56,79,1,106
426,"Sophronia",9,66,89,42,35,72
427,"Anya",121,48,22,113,99,60
428,"Aiyla",80,67,140,3,28,102
429,"Laila",80,149,118,88,66,31
430,"Isa",66,62,27,112,1,119
431,"Magnus",10,122,111,31,121,112
432,"Jaylen",136,44,139,38,51,109
433,"Rowan",19,68,129,105,58,50
434,"Benny",3,37,64,141,29,4
435,"Talha",119,111,60,123,8,74
436,"Ciara",105,134,137,93,29,71
437,"Mimi",146,94,131,132,104,29
438,"Arley",84,148,29,18,72,137
439,"Amyra",122,102,42,24,113,137
440,"Erwin",16,105,66,137,38,40
441,"Tamara",67,106,3,25,117,148
442,"Youssef",145,89,61,107,38,105
443,"Ciara",83,54,131,55,38,78
444,"Asiyah",62,134,28,15,86,92
445,"Zarah",84,38,75,44,60,145
446,"Alexander",135,1,143,99,49,65
447,"Asiya",132,30,9,147,26,151
448,"Melvin",122,13,108,98,74,127
449,"Helena",99,67,107,34,133,32
450,"Hamilton",89,140,109,127,107,4
451,"Dusty",63,57,42,107,22,56
452,"Algernon",93,103,69,123,31,103
453,"Joseph",24,5,108,27,9,23
454,"Adnan",85,79,17,83,133,118
455,"Winton",132,98,22,27,26,100
456,"Coby",20,53,119,56,99,100
457,"Zuri",50,37,102,99,19,17
458,"Shiloh",75,145,125,21,104,97
459,"Zoya",11,80,31,14,101,14
460,"Etta",63,5,51,45,44,34
461,"Eyad",123,93,62,28,63,108
462,"California",74,21,43,128,93,2
463,"Lydia",45,126,25,20,7,67
464,"Melanie",38,29,146,93,57,99
465,"Lilliana",15,56,19,9,19,120
466,"Joel",106,124,19,88,102,136
467,"Hakeem",55,80,42,80,23,48
468,"Billy",147,72,87,26,17,62
469,"Elijah",133,120,115,12,91,97
470,"Izabela",33,46,140,133,125,95
471,"Saad",53,21,57,96,76,124
472,"Denny",34,148,64,98,61,26
473,"Izabela",118,97,5,51,121,64
474,"Hiba",54,72,105,58,12,89
475,"Permelia",52,64,87,69,15,99
476,"Elliot",75,48,7,32,8,56
477,"Eleni",85,146,108,21,98,142
478,"Griselda",129,119,52,126,91,57
479,"Libby",9,6,19,118,116,45
480,"Bryan",47,127,83,149,56,65
481,"Amira",104,130,50,65,121,49
482,"Kiana",143,147,29,97,132,56
483,"Asees",96,38,137,10,76,146
484,"Kyra",70,71,95,101,69,40
485,"Lylah",71,21,106,2,37,36
486,"Loretta",32,147,89,33,13,73
487,"Reginald",8,128,143,12,50,124
488,"Anna",69,57,83,87,106,130
489,"Serenity",12,128,85,123,37,34
490,"Teddy-James",141,26,22,147,76,27
491,"Ava-Grace",48,59,78,102,10,87
492,"Eliphalel",10,99,65,1,54,37
493,"Tom",89,127,114,65,36,53
494,"Oscar",47,35,30,94,131,67
495,"Gray",76,7,19,90,78,36
496,"Malcolm",4,5,52,52,93,79
497,"Juniper",43,100,114,58,37,121
498,"Nansi",29,86,9,13,113,46
499,"Camilla",41,83,31,113,99,79
500,"Unice",34,13,78,136,76,26
501,"Sheldon",13,77,98,22,16,1
502,"Ares",87,72,19,30,69,89
503,"Peter",86,145,111,13,133,53
504,"Dorinda",99,132,3,144,16,94
505,"Zayan",10,139,101,84,69,142
506,"Annabelle",12,37,134,79,77,10
507,"Wynter",29,64,139,140,41,9
508,"Nell",9,55,69,63,72,42
509,"Orlagh",56,122,124,47,140,26
510,"Ozzy",111,131,110,120,101,48
511,"Cassie",125,90,42,117,83,70
512,"Paul",5,7,4,61,77,105
513,"Aya",126,137,108,114,140,86
514,"Raiden",125,142,88,26,28,72
515,"Kyla",22,123,127,58,37,144
516,"Zayn",135,140,115,139,72,27
517,"Joni",71,138,60,114,5,137
518,"Melania",75,67,102,140,24,80
519,"Miya",1,150,18,82,102,59
520,"Syeda",78,59,1,140,83,37
521,"Dean",33,135,141,139,133,88
522,"Riva",29,90,8,89,41,91
523,"Jacob",125,57,145,8,51,135
524,"Rowan",21,75,67,127,66,38
525,"Subhan",41,121,89,115,67,29
526,"Robyn",61,130,98,21,69,117
527,"Rupert",7,137,84,43,89,48
528,"Geraldine",104,124,113,13,16,97
529,"Dina",28,108,27,90,131,65
530,"Ziggy",55,39,123,148,151,97
531,"Forrest",148,42,37,25,126,23
532,"Sasha",74,48,115,149,89,116
533,"Leyla",90,106,84,138,14,124
534,"Aylin",6,130,84,139,85,93
535,"Isabel",59,140,82,44,63,147
536,"Mehitabel",141,95,136,50,57,61
537,"Randolph",71,113,100,72,33,129
538,"Arlo-James",28,23,51,91,133,21
539,"Aubree",36,61,114,127,31,76
540,"Amelie",120,147,30,33,74,139
541,"Taran",3,69,10,90,116,88
542,"Melanie",43,120,107,37,89,132
543,"Kane",123,36,28,104,34,134
544,"Klara",18,113,150,115,103,144
545,"Artemis",110,15,31,86,73,132
546,"Omar",83,27,76,76,126,130
547,"Elyza",91,119,117,41,67,49
548,"California",89,1,121,45,132,82
549,"Rogan",83,127,148,66,69,19
550,"Zayna",120,11,145,86,40,87
551,"Karter",51,116,64,54,149,5
552,"Carthaette",99,62,119,40,45,12
553,"Ana",25,123,142,111,89,127
554,"Kendrick",19,15,74,106,79,40
555,"Irwin",90,52,149,132,36,41
556,"Adnan",53,127,53,6,107,114
557,"Zelphia",19,50,4,138,34,14
558,"Zainab",24,62,126,93,106,126
559,"Melissa",26,77,21,17,30,81
560,"Emelia",31,82,93,29,128,144
561,"Lila",99,62,61,35,54,92
562,"Jan",65,128,120,131,148,150
563,"Micah",31,89,24,33,107,102
564,"Esmae",145,129,82,113,102,18
565,"Faye",141,112,44,89,41,39
566,"Eryn",54,18,36,96,84,115
567,"Edna",99,33,27,77,113,50
568,"Ayden",129,53,92,145,149,61
569,"Neriah",4,97,147,142,83,57
570,"Georgiana",44,100,19,83,147,78
571,"JohnIvy",117,36,114,123,24,83
572,"Neave",77,5,131,99,133,9
573,"Angel",73,50,108,70,35,124
574,"Lando",142,68,118,31,65,81
575,"Adyan",6,34,141,5,65,149
576,"Imaan",46,133,20,114,20,45
577,"Robin",89,128,55,65,2,112
578,"Almina",11,96,116,79,150,4
579,"Elysia",50,23,119,58,137,138
580,"Jaxson",31,113,103,40,6,56
581,"Iga",111,118,27,96,46,73
582,"Webster",78,121,132,43,104,101
583,"Ember",24,128,97,16,142,72
584,"Andrew",100,39,107,35,51,112
585,"Yasin",111,111,69,32,88,2
586,"Romeo",53,81,110,8,115,17
587,"Haseltine",130,99,113,81,8,149
588,"Haniya",54,29,145,20,107,97
589,"Abdul",105,33,12,9,90,91
590,"Lukas",25,39,62,75,30,8
591,"Jannah",136,65,146,128,129,98
592,"Elyas",1,62,149,140,20,110
593,"Asenath",52,148,26,78,120,14
594,"Rhodella",94,116,9,70,3,47
595,"Gertrude",83,17,16,100,47,96
596,"Autumn-Rose",29,5,42,111,136,148
597,"Ivy-Mae",83,137,98,3,116,63
598,"Josh",6,124,55,30,109,67
599,"Eugene",61,92,109,112,145,47
600,"Raiden",114,85,37,34,121,90
601,"Yunus",42,13,138,145,12,139
602,"Atlas",109,59,135,78,51,21
603,"Marsha",61,151,116,107,29,104
604,"Jay",67,145,108,95,138,32
605,"Tahlia",3,17,89,56,132,149
606,"Brielle",41,44,17,137,90,105
607,"Ayesha",70,111,109,96,99,65
608,"Alisha",19,39,131,36,46,56
609,"Toby",78,2,150,127,33,25
610,"Eseneth",139,133,63,42,50,118
611,"Penelope",20,82,98,143,141,146
612,"Henry",20,73,38,112,120,55
613,"Jai",136,2,138,93,89,71
614,"Hughie",112,31,41,107,32,37
615,"Safwan",36,23,90,60,44,32
616,"Isa",89,17,148,12,46,119
617,"Catherine",74,83,151,17,102,20
618,"Ariadne",37,4,71,16,136,116
619,"Lauryn",115,120,25,51,89,132
620,"Arman",128,105,3,89,33,23
621,"Amaia",69,146,102,29,53,96
622,"Araya",130,39,119,65,39,112
623,"Elaine",65,36,78,143,54,77
624,"Eyad",3,23,128,70,59,115
625,"Ren",55,115,10,150,102,13
626,"Marlow",80,81,27,61,142,77
627,"Zayd",101,13,103,20,114,123
628,"Lexi",33,59,31,132,31,143
629,"Mustafa",34,141,68,114,69,134
630,"Zainab",46,81,136,147,2,113
631,"Gregory",23,145,29,95,4,116
632,"Tommy-Lee",2,79,140,37,143,5
633,"Kingsley",138,45,5,90,42,33
634,"Prudence",85,132,146,62,16,129
635,"Jan",40,117,142,120,86,149
636,"Melvin",121,33,64,73,68,138
637,"Aminah",23,81,146,90,48,12
638,"Ellie",46,104,126,90,138,48
639,"Monroe",98,39,10,54,78,103
640,"Astrid",145,131,94,133,111,3
641,"Cataleya",78,127,120,108,53,81
642,"Laila",10,139,36,4,120,110
643,"Letitia",16,119,17,97,106,113
644,"Laverne",74,75,4,111,17,36
645,"Raiden",83,98,82,137,9,79
646,"Rosemary",90,75,94,6,53,111
647,"Neo",76,106,68,5,44,86
648,"Ellen",64,134,47,90,136,9
649,"Kevin",71,97,92,32,32,124
650,"Chelsea",60,102,2,31,92,57
651,"Iosif",127,21,58,89,52,87
652,"Haider",17,140,149,92,51,147
653,"Susannah",61,95,2,102,77,58
654,"Leo",34,44,66,19,135,3
655,"Ren",93,124,51,57,46,68
656,"Harlie",125,126,100,146,50,41
657,"Ella",27,20,5,16,19,94
658,"Saskia",71,107,93,8,20,118
659,"Atlas",99,84,147,59,135,96
660,"Webster",121,2,4,4,112,143
661,"Esmae",96,111,76,97,76,5
662,"Delphine",55,142,121,118,141,65
663,"Ruqayyah",73,8,142,100,29,151
664,"Niko",114,16,142,29,7,139
665,"Cody",89,61,25,27,57,5
666,"Francesco",91,43,56,90,61,80
667,"Leonardo",20,42,106,144,40,15
668,"Ishaan",65,107,57,16,37,148
669,"Neveah",103,135,53,74,11,42
670,"Sylvester",70,90,46,39,111,27
671,"Lemuel",53,13,36,1,35,121
672,"Sama",75,140,106,98,144,101
673,"Zayan",43,61,109,151,32,111
674,"Izhaan",53,126,63,27,107,99
675,"Pauline",108,37,50,77,128,148
676,"Jonas",51,45,69,106,127,125
677,"Cali",115,101,109,133,3,73
678,"Barticus",143,29,144,87,110,37
679,"Poppy",87,141,43,3,14,122
680,"Azaan",81,31,127,36,122,53
681,"Henryk",52,9,130,54,151,105
682,"Julian",148,146,137,78,93,77
683,"Francesca",20,130,132,146,83,96
684,"Clifton",21,145,17,105,73,71
685,"Iva",26,135,141,123,52,1
686,"Billy",7,74,138,90,129,3
687,"Lukas",107,131,6,12,31,24
688,"Peyton",85,126,60,86,3,39
689,"Isla-Mae",42,141,59,61,146,3
690,"Abdullah",15,26,3,60,39,132
691,"Unice",80,137,75,75,99,78
692,"Nikita",81,64,144,15,126,146
693,"Alaina",109,102,151,91,16,76
694,"Amaya",83,93,87,144,62,134
695,"Tamarra",82,29,60,60,35,36
696,"Nate",117,122,23,5,115,142
697,"Ayat",141,124,19,128,31,135
698,"Tony",147,127,10,60,38,149
699,"Thalia",141,93,79,23,79,74
700,"Elle",101,27,50,72,68,131
701,"Kaylan",100,113,44,50,90,19
702,"Aubree",76,11,92,34,140,123
703,"Mikayla",50,110,83,47,81,28
704,"Mahdi",136,80,56,78,65,148
705,"Aileen",30,56,32,28,109,147
706,"Chelsea",84,130,23,108,99,13
707,"Lucca",124,123,67,102,19,91
708,"Lawrence",108,5,100,41,74,16
709,"Louie",48,148,69,130,148,32
710,"Nevaeh",126,22,96,48,7,53
711,"Alana",119,54,68,74,151,93
712,"Santiago",116,109,38,56,86,35
713,"Adyan",21,71,126,99,85,143
714,"Micah",104,124,127,8,53,61
715,"Angel",46,135,138,62,51,89
716,"Hidayah",22,43,52,12,113,93
717,"Anas",68,40,37,12,72,65
718,"Absalom",73,90,35,108,6,35
719,"Orlando",137,86,117,48,22,83
720,"Haris",82,87,51,143,37,46
721,"Arisha",8,138,85,34,117,42
722,"Carmon",149,113,100,55,103,22
723,"Ines",109,112,150,75,78,112
724,"Yasmin",145,144,45,67,4,111
725,"Isla",92,142,71,89,134,88
726,"Silence",139,71,101,85,54,33
727,"Ismail",47,80,135,104,95,82
728,"Hugh",82,7,120,100,71,133
729,"Isla-Mae",83,94,99,13,68,22
730,"Audrey",66,70,34,41,54,32
731,"Bea",43,110,134,79,34,27
732,"Hughie",75,121,45,53,135,30
733,"LeRoy",43,9,140,81,106,29
734,"Rami",129,10,30,30,123,64
735,"Adonis",3,103,62,62,133,28
736,"Alana",127,68,11,38,107,20
737,"Luisa",57,42,4,67,106,44
738,"Eseneth",14,63,146,64,66,140
739,"Jay",96,18,12,121,31,67
740,"Myrtle",145,102,50,97,37,21
741,"Olivia-Rose",101,59,89,40,88,143
742,"Eliphalel",92,46,73,27,143,48
743,"Taran",151,85,80,37,139,111
744,"Safwan",101,116,135,124,110,127
745,"Anaiya",16,135,115,4,63,15
746,"Anastasia",113,38,96,27,103,104
747,"Penelope",151,23,150,36,23,104
748,"Zackary",79,151,12,61,135,132
749,"Romy",35,27,135,70,125,141
750,"Tamarra",13,113,99,105,107,9
751,"Layla-Rose",119,145,48,53,70,91
752,"Rafi",7,59,51,125,35,53
753,"Ignacy",116,74,47,133,56,65
754,"Jane",139,105,151,92,96,63
755,"Silas",108,23,93,53,17,32
756,"Zayd",128,61,32,119,6,131
757,"Enya",49,50,122,131,59,11
758,"Andrea",87,47,79,127,68,9
759,"Mikaeel",104,126,120,98,91,6
760,"Mikayla",13,10,130,28,105,72
761,"Timothy",62,108,128,26,42,5
762,"Max",150,138,87,65,34,52
763,"Sanford",34,42,135,36,83,25
764,"Maverick",63,109,48,11,38,63
765,"Aileen",118,23,69,62,33,145
766,"Adelia",143,133,19,133,74,19
767,"Pharaba",127,32,121,7,45,32
768,"Maddison",151,103,105,9,37,85
769,"Noelle",79,105,57,7,68,137
770,"Nate",92,101,32,33,63,47
771,"Delilah-Rose",8,56,38,13,135,22
772,"Adelia",11,46,81,91,58,10
773,"Harri",25,59,133,8,146,8
774,"Fergus",91,57,99,44,21,5
775,"Dante",49,137,94,102,107,53
776,"Gwen",4,98,49,45,109,11
777,"Zidane",17,149,6,72,106,60
778,"Rocco",101,106,127,120,67,99
779,"Jax",4,126,117,3,22,69
780,"Goldie",66,127,97,33,47,142
781,"Roland",3,150,2,52,142,41
782,"Gabriel",109,146,124,21,49,127
783,"Herman",34,133,137,146,12,107
784,"Hadi",1,63,86,73,148,64
785,"Theophilus",90,149,81,129,4,33
786,"Myles",39,111,21,9,128,150
787,"Maisy",87,4,75,11,78,55
788,"Sumayyah",89,141,67,10,84,26
789,"Eleanor",93,14,74,135,12,66
790,"Aleksandra",26,81,41,68,133,141
791,"Andrea",99,94,15,80,70,75
792,"Kayden",17,37,96,130,110,60
793,"Cassie",97,42,86,14,27,75
794,"Leia",70,119,129,59,143,138
795,"Rosalie",99,51,100,147,70,9
796,"Nella",105,54,79,106,63,37
797,"Arian",148,88,120,50,29,136
798,"Lucca",149,21,131,83,92,82
799,"Destiny",60,111,117,86,45,69
800,"Trent",6,78,38,139,38,101
801,"Rosina",47,49,148,134,147,59
802,"Reya",138,86,88,96,72,91
803,"Alan",93,150,128,55,109,10
804,"Nicole",98,115,84,88,89,149
805,"Zuzanna",144,107,24,122,94,10
806,"Dickson",5,42,47,30,21,113
807,"Ciaran",113,68,34,124,59,63
808,"Diego",87,135,64,61,136,133
809,"Milana",89,55,10,48,50,62
810,"Asa",94,12,105,83,140,129
811,"Polly",7,38,59,136,7,67
812,"Zayn",41,111,141,33,62,90
813,"Veer",146,12,105,103,70,84
814,"Colton",62,60,108,54,56,73
815,"Theodore",13,98,99,66,130,94
816,"Crystal",69,97,150,57,28,38
817,"Elliott",42,67,83,22,101,108
818,"Kayden",72,47,2,80,94,82
819,"Stanley",12,3,143,75,43,3
820,"Kathleen",49,140,113,38,124,56
821,"Blanka",132,46,51,27,135,146
822,"Rhyna",38,47,80,105,43,61
823,"Rex",5,38,110,88,101,64
824,"Matilda",89,24,36,138,20,14
825,"Clemmie",53,37,112,69,126,112
826,"Libby",149,45,20,15,118,33
827,"Aura",97,18,83,114,18,118
828,"Lucy",43,147,96,92,54,126
829,"Emmie",59,143,106,62,67,140
830,"Sonia",130,87,94,32,73,140
831,"Lillian",91,129,114,6,107,24
832,"Melissa",92,83,86,120,42,124
833,"Bethany",92,45,24,95,46,122
834,"Carmon",1,74,13,122,40,89
835,"Khadija",46,93,24,4,124,77
836,"Lula",95,117,63,124,134,94
837,"Aron",150,125,1,87,100,15
838,"Delilah",140,112,113,134,80,128
839,"Lina",67,107,39,134,52,149
840,"Inaaya",64,21,35,117,54,26
841,"Ellie-Mae",79,122,41,2,147,112
842,"Ismaeel",138,109,124,129,117,17
843,"Nicodemus",37,123,10,30,109,130
844,"Naya",27,96,40,71,87,72
845,"Yara",115,25,63,76,4,98
846,"Algernon",41,54,94,86,121,70
847,"Avarilla",109,151,66,33,90,125
848,"Frida",146,78,114,2,97,23
849,"Alonzo",55,111,66,40,107,112
850,"Sia",99,60,56,111,99,98
851,"Raisa",21,146,50,28,138,89
852,"Anthony",50,46,107,100,42,62
853,"Marcie",117,141,88,149,67,125
854,"Leonardo",147,96,16,135,92,110
855,"Emre",5,94,50,131,99,113
856,"Kara",58,89,22,12,42,32
857,"Sky",109,142,88,147,26,145
858,"Ronan",93,111,11,107,99,105
859,"Israel",34,39,139,149,129,46
860,"Iga",83,144,73,62,106,106
861,"Elena",10,34,63,65,44,61
862,"Raiden",96,77,64,144,102,99
863,"Hailey",55,127,130,5,36,144
864,"Ettie",113,102,130,89,10,146
865,"Gethin",135,66,82,7,51,97
866,"Sophia",120,16,36,69,22,102
867,"Khadija",12,33,80,148,51,123
868,"Shaina",85,94,134,75,23,61
869,"Raya",42,143,89,136,11,105
870,"Dina",123,130,24,137,140,112
871,"Oren",5,38,78,12,89,80
872,"Cezar",128,84,12,81,23,10
873,"Cory",75,140,42,113,119,117
874,"Ishaaq",131,13,72,107,42,37
875,"Lexi",66,69,133,24,15,9
876,"Adaline",92,30,72,9,30,1
877,"Beverly",24,91,5,15,128,107
878,"Mikaeel",111,116,45,105,92,117
879,"Wren",81,91,64,142,74,103
880,"Hallie",93,21,55,142,117,83
881,"Otto",139,131,138,93,75,1
882,"Zimal",35,4,64,88,15,24
883,"Ayyub",65,72,26,101,128,89
884,"Adonis",12,137,65,30,106,99
885,"Malaika",19,6,26,24,97,71
886,"Max",106,89,44,19,12,46
887,"Santiago",90,116,19,111,11,80
888,"Lexi",117,53,85,141,51,124
889,"Axl",61,120,111,55,47,35
890,"Aadam",76,38,138,142,21,71
891,"Elliana",74,16,24,59,66,61
892,"Cornelius",107,101,67,131,94,86
893,"Prescott",44,92,13,43,123,42
894,"Aron",115,86,31,16,21,132
895,"Theotha",40,65,54,102,55,14
896,"Molly",24,16,145,78,104,40
897,"Andrea",140,65,115,20,101,7
898,"Blair",145,144,133,128,74,125
899,"Sacha",99,140,78,15,8,78
900,"Arley",65,116,38,75,64,138
901,"Amir",112,12,8,39,30,115
902,"Ares",110,15,87,6,104,78
903,"Jessie",101,66,92,103,25,131
904,"Amina",108,71,79,80,103,149
905,"Ioan",86,88,126,82,123,64
906,"Nate",70,26,42,36,25,45
907,"Maxwell",129,54,54,104,48,109
908,"Tamarra",13,85,125,74,95,64
909,"Isra",95,17,127,81,88,58
910,"Macsen",26,130,111,58,55,151
911,"Arabella-Rose",136,97,110,82,3,32
912,"Eugenia",15,14,75,146,87,21
913,"Walter",79,32,148,14,133,135
914,"Millie-Mae",77,83,119,30,101,77
915,"Marcus",113,3,148,150,139,49
916,"Fleur",110,47,58,141,43,66
917,"Erik",128,143,82,118,104,60
918,"Hezekiah",112,26,96,71,60,78
919,"Kathleen",32,142,62,66,109,104
920,"Pauline",119,69,45,41,119,115
921,"Amber",41,17,115,99,49,31
922,"Mara",64,141,107,138,55,124
923,"Rohan",130,138,109,141,26,91
924,"Carmon",38,124,100,109,74,24
925,"Minha",2,116,78,48,24,27
926,"Lockie",86,118,89,20,90,41
927,"Luca",61,83,125,48,40,52
928,"Samira",100,118,46,59,13,45
929,"Bertram",46,23,44,120,80,26
930,"Natan",96,132,90,131,147,123
931,"Karter",72,88,127,53,36,145
932,"Demaris",10,3,58,33,68,111
933,"Caoimhe",121,146,146,29,92,12
934,"Benjamin",37,30,25,1,49,40
935,"Seth",49,52,125,100,41,78
936,"Kaleb",80,102,98,125,27,64
937,"Jaxon",126,99,61,29,124,55
938,"Thalia",105,49,106,132,7,96
939,"Kylian",63,126,3,17,7,24
940,"Christopher",115,6,13,90,25,59
941,"Monet",4,11,150,68,145,52
942,"Emma",133,58,101,89,134,112
943,"Adalyn",15,147,62,91,99,116
944,"Jehu",101,122,130,31,64,147
945,"Herman",44,90,5,12,27,54
946,"Maya",28,48,12,123,27,130
947,"Anselm",18,17,96,76,94,150
948,"Kaylan",126,74,59,105,120,100
949,"Yara",6,85,137,112,141,91
950,"Philadelphia",93,54,68,88,116,27
951,"Martha",4,103,104,10,113,114
952,"Khadija",136,135,84,67,40,79
953,"Arnie",9,60,3,100,136,49
954,"Laiba",17,138,6,140,151,37
955,"Ivy-Mae",79,102,58,149,90,122
956,"Alyssia",86,49,145,122,48,94
957,"Akram",20,110,17,117,114,43
958,"Byron",29,61,7,121,114,86
959,"Frances",28,148,97,123,11,10
960,"Kylian",53,51,63,38,27,127
961,"Bridget",99,119,13,100,22,144
962,"Aubrey",102,150,131,151,139,72
963,"Ruqayyah",115,119,96,131,133,118
964,"Theodore",132,101,126,71,126,34
965,"Clayton",83,119,69,116,31,17
966,"Scott",116,67,105,71,30,134
967,"Raisa",103,8,68,59,67,39
968,"Alaiya",32,29,57,111,8,106
969,"Francis",136,149,86,29,48,141
970,"Jaiden",35,4,88,98,135,19
971,"Randolph",127,52,75,72,29,146
972,"Drusilla",102,125,120,100,137,10
973,"Nour",122,149,58,149,47,129
974,"Salome",51,36,67,59,133,68
975,"Nancy",102,7,75,93,45,60
976,"Julian",26,19,119,35,147,143
977,"Maddison",24,128,98,107,17,143
978,"Monroe",88,30,98,67,119,6
979,"Denver",50,6,28,60,19,137
980,"Siena",137,18,141,81,121,36
981,"Amir",92,115,37,148,135,8
982,"Egbert",94,77,35,64,142,56
983,"Yaqub",91,107,84,52,149,102
984,"Thalia",33,43,139,60,113,51
985,"Dion",48,30,44,137,131,117
986,"Hoorain",55,139,56,81,30,81
987,"Wilbur",19,2,69,133,66,62
988,"Tommie",125,16,97,134,29,70
989,"Manuel",144,94,90,74,130,64
990,"Yuvraj",11,97,27,65,134,143
991,"Xander",85,67,60,44,90,124
992,"Camila",135,64,75,137,20,43
993,"Bryan",94,74,123,107,99,122
994,"Emre",25,94,44,93,48,115
995,"Henryk",135,116,150,62,122,13
996,"Ziggy",84,119,125,85,129,90
997,"Arizona",41,132,132,61,32,70
998,"Gertrude",109,106,30,140,83,7
999,"Mercedes",96,72,4,125,146,52
